Datum;Uhrzeit;T-DHT22;FR-DHT22;FA-DHT22;CO2-CCS811;CO2-PASCO2
2021:01:24;16:55:44;23,9;35,1;7,6;400;640
2021:01:24;16:56:02;23,9;34,9;7,6;400;685
2021:01:24;17:06:51;20,5;25,7;4,6;0;373
2021:01:24;17:07:12;20,3;25,5;4,5;400;369
2021:01:24;17:07:31;20,1;26,1;4,5;400;367
2021:01:24;17:07:49;20,0;25,9;4,5;400;375
2021:01:24;17:08:17;19,8;26,1;4,5;400;368
2021:01:24;17:08:36;19,7;25,9;4,4;400;361
2021:01:24;17:08:54;19,7;26,2;4,4;400;352
2021:01:24;17:09:13;19,7;25,7;4,4;400;354
2021:01:24;17:09:41;19,6;25,1;4,2;400;345
2021:01:24;17:09:59;19,6;25,8;4,4;403;358
2021:01:24;17:10:18;19,5;26,4;4,4;400;350
2021:01:24;17:10:36;19,5;25,1;4,2;411;347
2021:01:24;17:11:05;19,6;28,5;4,8;428;357
2021:01:24;17:11:23;19,6;28,5;4,8;402;368
2021:01:24;17:11:41;19,8;28,0;4,8;406;366
2021:01:24;17:12:00;19,9;28,6;4,9;418;372
2021:01:24;17:12:28;20,3;29,6;5,2;418;401
2021:01:24;17:12:47;20,3;29,4;5,2;407;411
2021:01:24;17:13:05;20,5;29,4;5,2;408;417
2021:01:24;17:13:24;20,6;29,7;5,3;414;425
2021:01:24;17:13:52;20,9;31,5;5,7;421;442
2021:01:24;17:14:10;20,9;31,6;5,8;409;438
2021:01:24;17:14:29;21,0;31,4;5,8;409;459
2021:01:24;17:14:47;21,2;32,1;5,9;409;457
2021:01:24;17:15:15;21,4;32,6;6,1;416;504
2021:01:24;17:15:34;21,4;33,1;6,2;414;509
2021:01:24;17:15:52;21,6;32,9;6,2;400;522
2021:01:24;17:16:11;21,6;32,9;6,2;405;527
2021:01:24;17:16:39;21,8;32,6;6,3;400;525
2021:01:24;17:16:58;21,7;32,4;6,2;414;516
2021:01:24;17:17:16;21,8;32,6;6,3;403;530
2021:01:24;17:17:35;21,9;32,7;6,3;406;535
2021:01:24;17:18:03;22,1;32,7;6,4;403;528
2021:01:24;17:18:21;22,1;32,7;6,4;407;528
2021:01:24;17:18:40;22,2;32,6;6,4;400;516
2021:01:24;17:18:58;22,2;32,5;6,4;402;530
2021:01:24;17:19:26;22,4;32,5;6,5;400;531
2021:01:24;17:19:45;22,4;32,5;6,5;406;525
2021:01:24;17:20:03;22,4;32,3;6,4;415;539
2021:01:24;17:20:22;22,4;32,4;6,4;402;536
2021:01:24;17:20:50;22,6;32,5;6,5;406;528
2021:01:24;17:21:08;22,6;32,2;6,5;402;525
2021:01:24;17:21:27;22,6;32,3;6,5;409;543
2021:01:24;17:21:45;22,7;32,3;6,5;413;521
2021:01:24;17:22:14;22,8;32,3;6,6;409;548
2021:01:24;17:22:32;22,8;31,8;6,5;400;558
2021:01:24;17:22:51;22,8;32,1;6,5;403;553
2021:01:24;17:23:09;22,9;32,0;6,5;403;564
2021:01:24;17:23:37;22,9;31,9;6,5;400;544
2021:01:24;17:23:56;22,9;31,8;6,5;406;552
2021:01:24;17:24:14;22,9;32,1;6,6;405;558
2021:01:24;17:24:33;22,9;32,0;6,5;405;563
2021:01:24;17:25:01;23,1;32,1;6,6;415;570
2021:01:24;17:25:19;23,0;31,4;6,5;410;568
2021:01:24;17:25:38;23,1;32,0;6,6;408;559
2021:01:24;17:25:56;23,1;31,9;6,6;410;567
2021:01:24;17:26:25;23,1;30,8;6,4;405;557
2021:01:24;17:26:43;23,1;31,8;6,6;400;560
2021:01:24;17:27:02;23,1;32,0;6,6;413;553
2021:01:24;17:27:20;23,2;31,9;6,6;410;552
2021:01:24;17:27:48;23,2;32,0;6,7;409;566
2021:01:24;17:28:07;23,2;31,9;6,6;414;558
2021:01:24;17:28:25;23,3;31,8;6,7;406;566
2021:01:24;17:28:44;23,3;32,3;6,8;400;556
2021:01:24;17:29:12;23,3;32,1;6,7;416;556
2021:01:24;17:29:30;23,3;31,1;6,5;414;561
2021:01:24;17:29:49;23,4;32,1;6,8;409;560
2021:01:24;17:30:07;23,4;32,0;6,7;411;558
2021:01:24;17:30:36;23,4;32,1;6,8;405;555
2021:01:24;17:30:54;23,4;31,8;6,7;406;570
2021:01:24;17:31:13;23,4;32,3;6,8;409;556
2021:01:24;17:31:31;23,4;32,0;6,7;409;558
2021:01:24;17:31:59;23,4;32,0;6,7;409;553
2021:01:24;17:32:18;23,5;31,9;6,7;410;549
2021:01:24;17:32:36;23,5;32,1;6,8;414;559
2021:01:24;17:32:55;23,5;32,1;6,8;400;565
2021:01:24;17:33:23;23,5;32,1;6,8;413;563
2021:01:24;17:33:41;23,5;31,9;6,7;407;564
2021:01:24;17:34:00;23,5;32,1;6,8;406;573
2021:01:24;17:34:18;23,5;32,0;6,8;402;560
2021:01:24;17:34:46;23,6;32,2;6,9;402;571
2021:01:24;17:35:05;23,6;32,1;6,8;406;571
2021:01:24;17:35:23;23,5;32,0;6,8;409;564
2021:01:24;17:35:42;23,6;31,9;6,8;407;568
2021:01:24;17:36:10;23,6;32,3;6,9;406;569
2021:01:24;17:36:29;23,6;32,1;6,8;409;573
2021:01:24;17:36:47;23,6;32,2;6,9;413;565
2021:01:24;17:37:06;23,6;32,1;6,8;400;559
2021:01:24;17:37:34;23,6;32,3;6,9;403;569
2021:01:24;17:37:52;23,7;32,1;6,9;403;563
2021:01:24;17:38:11;23,7;32,3;6,9;400;573
2021:01:24;17:38:29;23,7;32,2;6,9;410;563
2021:01:24;17:38:57;23,7;32,0;6,8;410;553
2021:01:24;17:39:16;23,7;32,2;6,9;406;563
2021:01:24;17:39:34;23,7;32,0;6,8;406;576
2021:01:24;17:39:53;23,7;32,3;6,9;410;566
2021:01:24;17:40:21;23,7;32,3;6,9;400;568
2021:01:24;17:40:40;23,7;32,2;6,9;403;570
2021:01:24;17:40:58;23,7;32,3;6,9;409;578
2021:01:24;17:41:17;23,7;32,3;6,9;403;567
2021:01:24;17:41:45;23,7;32,3;6,9;400;583
2021:01:24;17:42:03;23,7;32,2;6,9;408;566
2021:01:24;17:42:22;23,7;32,3;6,9;410;575
2021:01:24;17:42:40;23,7;32,2;6,9;410;569
2021:01:24;17:43:08;23,7;32,4;6,9;417;581
2021:01:24;17:43:27;23,7;32,3;6,9;414;559
2021:01:24;17:43:45;23,7;32,2;6,9;407;572
2021:01:24;17:44:04;23,7;32,4;6,9;414;573
2021:01:24;17:44:32;23,8;32,5;7,0;402;576
2021:01:24;17:44:51;23,8;32,3;7,0;407;582
2021:01:24;17:45:09;23,8;32,4;7,0;409;577
2021:01:24;17:45:28;23,8;32,6;7,0;406;573
2021:01:24;17:45:56;23,8;32,6;7,0;414;583
2021:01:24;17:46:14;23,8;31,9;6,9;410;609
2021:01:24;17:46:33;23,9;32,2;7,0;410;573
2021:01:24;17:46:51;23,8;32,5;7,0;408;562
2021:01:24;17:47:19;23,8;32,5;7,0;408;570
2021:01:24;17:47:38;23,8;32,2;6,9;403;606
2021:01:24;17:47:56;23,8;32,4;7,0;414;576
2021:01:24;17:48:15;23,8;32,2;6,9;403;566
2021:01:24;17:48:43;23,8;32,6;7,0;406;581
2021:01:24;17:49:01;23,9;32,4;7,0;409;579
2021:01:24;17:49:20;23,9;32,6;7,1;413;578
2021:01:24;17:49:38;23,8;32,5;7,0;414;578
2021:01:24;17:50:07;23,9;32,6;7,1;408;573
2021:01:24;17:50:25;23,9;32,5;7,0;411;582
2021:01:24;17:50:44;23,9;32,7;7,1;406;578
2021:01:24;17:51:02;23,9;32,6;7,1;406;584
2021:01:24;17:51:30;23,9;32,6;7,1;403;578
2021:01:24;17:51:49;23,8;32,3;7,0;406;575
2021:01:24;17:52:07;23,9;32,4;7,0;409;581
2021:01:24;17:52:26;23,9;32,6;7,1;402;573
2021:01:24;17:52:54;23,8;32,6;7,0;406;586
2021:01:24;17:53:12;23,8;32,6;7,0;410;578
2021:01:24;17:53:31;23,8;32,9;7,1;414;612
2021:01:24;17:53:49;23,8;32,7;7,0;409;595
2021:01:24;17:54:18;23,9;32,9;7,1;407;620
2021:01:24;17:54:36;23,9;32,7;7,1;409;596
2021:01:24;17:54:55;23,8;32,7;7,0;400;582
2021:01:24;17:55:13;23,9;32,8;7,1;406;592
2021:01:24;17:55:41;23,8;32,8;7,1;414;594
2021:01:24;17:56:00;23,8;32,7;7,0;402;596
2021:01:24;17:56:18;23,8;32,7;7,0;406;617
2021:01:24;17:56:37;23,7;32,7;7,0;409;630
2021:01:24;17:57:05;23,8;33,0;7,1;406;587
2021:01:24;17:57:23;23,8;32,7;7,0;400;590
2021:01:24;17:57:42;23,9;32,6;7,1;410;604
2021:01:24;17:58:00;23,9;32,8;7,1;417;606
2021:01:24;17:58:28;23,8;32,9;7,1;409;606
2021:01:24;17:58:47;23,9;32,7;7,1;402;636
2021:01:24;17:59:05;23,9;32,8;7,1;400;636
2021:01:24;17:59:24;23,8;32,8;7,1;403;610
2021:01:24;17:59:52;23,8;31,8;6,8;402;605
2021:01:24;18:00:11;23,9;32,7;7,1;410;608
2021:01:24;18:00:29;23,9;32,6;7,1;414;590
2021:01:24;18:00:48;23,9;32,8;7,1;406;601
2021:01:24;18:01:16;23,9;32,7;7,1;414;602
2021:01:24;18:01:34;23,9;32,7;7,1;400;599
2021:01:24;18:01:53;23,9;32,8;7,1;403;595
2021:01:24;18:02:11;23,9;33,0;7,1;410;599
2021:01:24;18:02:39;23,9;32,9;7,1;411;604
2021:01:24;18:02:58;23,9;32,7;7,1;420;582
2021:01:24;18:03:16;23,9;32,6;7,1;403;592
2021:01:24;18:03:35;23,9;32,9;7,1;408;592
2021:01:24;18:04:03;23,8;33,0;7,1;403;606
2021:01:24;18:04:22;23,9;32,9;7,1;417;628
2021:01:24;18:04:40;23,9;33,1;7,2;408;599
2021:01:24;18:04:59;23,9;32,9;7,1;405;606
2021:01:24;18:05:27;23,9;33,1;7,2;411;613
2021:01:24;18:05:45;23,9;32,9;7,1;410;616
2021:01:24;18:06:04;24,0;33,0;7,2;403;623
2021:01:24;18:06:22;23,9;32,9;7,1;409;621
2021:01:24;18:06:50;23,9;32,9;7,1;407;613
2021:01:24;18:07:09;23,9;32,9;7,1;403;614
2021:01:24;18:07:27;24,0;33,0;7,2;407;619
2021:01:24;18:07:46;23,9;33,0;7,1;407;624
2021:01:24;18:08:14;23,9;33,2;7,2;403;626
2021:01:24;18:08:32;23,9;32,9;7,1;403;629
2021:01:24;18:08:51;23,9;33,0;7,1;406;618
2021:01:24;18:09:09;23,9;33,1;7,2;403;627
2021:01:24;18:09:38;24,0;33,3;7,2;403;647
2021:01:24;18:09:56;23,9;32,5;7,0;400;624
2021:01:24;18:10:15;24,0;33,1;7,2;406;618
2021:01:24;18:10:33;24,0;33,1;7,2;402;658
2021:01:24;18:11:01;24,0;33,2;7,2;409;651
2021:01:24;18:11:20;24,0;33,0;7,2;403;629
2021:01:24;18:11:38;24,0;32,9;7,2;403;625
2021:01:24;18:11:57;24,0;33,1;7,2;402;627
2021:01:24;18:12:25;24,1;33,1;7,2;403;633
2021:01:24;18:12:43;24,0;33,2;7,2;402;619
2021:01:24;18:13:02;24,0;33,1;7,2;407;613
2021:01:24;18:13:20;24,0;33,0;7,2;407;625
2021:01:24;18:13:48;24,0;33,2;7,2;409;626
2021:01:24;18:14:07;24,0;33,0;7,2;402;662
2021:01:24;18:14:25;23,9;33,0;7,1;410;623
2021:01:24;18:14:44;24,0;33,1;7,2;407;616
2021:01:24;18:15:12;24,0;33,2;7,2;400;628
2021:01:24;18:15:31;23,9;33,0;7,1;406;631
2021:01:24;18:15:49;24,0;33,2;7,2;402;618
2021:01:24;18:16:08;23,9;32,8;7,1;403;665
2021:01:24;18:16:36;24,0;33,3;7,2;406;661
2021:01:24;18:16:54;23,9;33,0;7,1;407;653
2021:01:24;18:17:13;24,0;33,0;7,2;407;662
2021:01:24;18:17:31;24,0;33,2;7,2;406;638
2021:01:24;18:17:59;24,0;33,3;7,2;403;638
2021:01:24;18:18:18;24,0;33,2;7,2;402;633
2021:01:24;18:18:36;24,0;33,2;7,2;402;630
2021:01:24;18:18:55;24,0;33,3;7,2;407;638
2021:01:24;18:19:23;24,0;33,3;7,2;402;648
2021:01:24;18:19:42;24,0;33,1;7,2;405;631
2021:01:24;18:20:00;24,0;32,9;7,2;408;632
2021:01:24;18:20:19;24,1;33,2;7,3;405;632
2021:01:24;18:20:47;24,1;33,2;7,3;406;638
2021:01:24;18:21:05;24,1;33,0;7,2;407;644
2021:01:24;18:21:24;24,2;33,2;7,3;402;640
2021:01:24;18:21:42;24,1;32,8;7,2;407;638
2021:01:24;18:22:10;24,1;33,1;7,2;407;632
2021:01:24;18:22:29;24,1;33,0;7,2;405;639
2021:01:24;18:22:47;24,2;33,1;7,3;403;641
2021:01:24;18:23:06;24,1;33,0;7,2;400;640
2021:01:24;18:23:34;24,1;33,0;7,2;409;673
2021:01:24;18:23:52;24,2;33,0;7,3;405;642
2021:01:24;18:24:11;24,1;32,9;7,2;410;674
2021:01:24;18:24:29;24,2;32,9;7,2;408;671
2021:01:24;18:24:58;24,1;31,9;7,0;403;650
2021:01:24;18:25:16;24,1;33,0;7,2;405;643
2021:01:24;18:25:35;24,1;33,1;7,2;402;672
2021:01:24;18:25:53;24,2;33,1;7,3;405;641
2021:01:24;18:26:21;24,1;33,0;7,2;407;672
2021:01:24;18:26:40;24,1;33,2;7,3;407;666
2021:01:24;18:26:58;24,0;33,1;7,2;403;673
2021:01:24;18:27:17;24,1;33,2;7,3;403;668
2021:01:24;18:27:45;24,1;33,0;7,2;407;631
2021:01:24;18:28:03;24,1;33,0;7,2;403;665
2021:01:24;18:28:22;24,1;33,2;7,3;400;671
2021:01:24;18:28:40;24,1;33,2;7,3;411;638
2021:01:24;18:29:08;24,1;33,1;7,2;407;660
2021:01:24;18:29:27;24,1;32,8;7,2;406;633
2021:01:24;18:29:45;24,1;33,1;7,2;400;640
2021:01:24;18:30:04;24,1;33,1;7,2;403;638
2021:01:24;18:30:32;24,1;33,2;7,3;403;634
2021:01:24;18:30:51;24,1;32,9;7,2;406;645
2021:01:24;18:31:09;24,2;33,1;7,3;403;645
2021:01:24;18:31:28;24,1;32,9;7,2;400;672
2021:01:24;18:31:56;24,2;33,2;7,3;408;634
2021:01:24;18:32:14;24,1;33,0;7,2;400;645
2021:01:24;18:32:33;24,1;32,9;7,2;408;640
2021:01:24;18:32:51;24,1;32,6;7,1;408;646
2021:01:24;18:33:19;24,1;33,3;7,3;400;674
2021:01:24;18:33:38;24,1;32,6;7,1;406;656
2021:01:24;18:33:56;24,1;33,3;7,3;400;693
2021:01:24;18:34:15;24,1;33,3;7,3;400;663
2021:01:24;18:34:43;24,1;33,4;7,3;402;678
2021:01:24;18:35:01;24,1;33,2;7,3;403;702
2021:01:24;18:35:20;24,2;33,4;7,4;407;678
2021:01:24;18:35:39;24,2;32,8;7,2;402;675
2021:01:24;18:36:07;24,2;33,3;7,3;403;685
2021:01:24;18:36:25;24,2;33,1;7,3;403;687
2021:01:24;18:36:44;24,1;33,0;7,2;403;688
2021:01:24;18:37:02;24,2;33,3;7,3;400;682
2021:01:24;18:37:30;24,2;33,4;7,4;406;714
2021:01:24;18:37:49;24,2;33,2;7,3;403;683
2021:01:24;18:38:07;24,3;33,0;7,3;403;687
2021:01:24;18:38:26;24,3;33,0;7,3;407;674
2021:01:24;18:38:54;24,2;33,4;7,4;406;686
2021:01:24;18:39:12;24,2;33,1;7,3;400;717
2021:01:24;18:39:31;24,2;33,0;7,3;403;714
2021:01:24;18:39:49;24,1;33,2;7,3;405;696
2021:01:24;18:40:18;24,2;33,4;7,4;403;686
2021:01:24;18:40:36;24,2;33,1;7,3;410;689
2021:01:24;18:40:55;24,2;33,2;7,3;403;691
2021:01:24;18:41:13;24,2;33,1;7,3;402;678
2021:01:24;18:41:41;24,2;33,4;7,4;402;717
2021:01:24;18:42:00;24,2;33,2;7,3;406;708
2021:01:24;18:42:18;24,2;33,2;7,3;410;691
2021:01:24;18:42:37;24,1;33,2;7,3;403;731
2021:01:24;18:43:05;24,1;33,5;7,3;408;703
2021:01:24;18:43:23;24,1;33,3;7,3;402;709
2021:01:24;18:43:42;24,2;33,0;7,3;406;748
2021:01:24;18:44:00;24,2;33,2;7,3;403;706
2021:01:24;18:44:28;24,2;33,5;7,4;409;723
2021:01:24;18:44:47;24,2;33,3;7,3;403;768
2021:01:24;18:45:06;24,1;33,3;7,3;403;780
2021:01:24;18:45:24;24,1;33,2;7,3;406;761
2021:01:24;18:45:52;24,2;33,8;7,4;409;812
2021:01:24;18:46:11;24,1;33,6;7,4;406;825
2021:01:24;18:46:29;24,1;33,4;7,3;400;838
2021:01:24;18:46:48;24,2;33,8;7,4;406;820
2021:01:24;18:47:16;24,1;33,8;7,4;406;829
2021:01:24;18:47:34;24,1;33,5;7,3;402;832
2021:01:24;18:47:53;24,1;33,4;7,3;403;839
2021:01:24;18:48:11;24,1;33,5;7,3;403;850
2021:01:24;18:48:39;24,1;34,0;7,4;407;861
2021:01:24;18:48:58;24,1;33,8;7,4;407;875
2021:01:24;18:49:16;24,1;33,9;7,4;407;869
2021:01:24;18:49:35;24,1;33,7;7,4;407;883
2021:01:24;18:50:03;24,1;34,2;7,5;407;891
2021:01:24;18:50:22;24,1;34,1;7,5;403;910
2021:01:24;18:50:40;24,1;34,2;7,5;403;921
2021:01:24;18:50:59;24,1;34,1;7,5;406;941
2021:01:24;18:51:27;24,0;34,7;7,6;406;947
2021:01:24;18:51:45;24,1;34,7;7,6;406;950
2021:01:24;18:52:04;24,1;34,5;7,6;400;950
2021:01:24;18:52:22;24,0;34,4;7,5;414;982
2021:01:24;18:52:50;24,1;35,0;7,7;406;973
2021:01:24;18:53:09;24,1;34,6;7,6;406;986
2021:01:24;18:53:27;24,1;34,9;7,6;402;999
2021:01:24;18:53:46;24,1;34,7;7,6;400;1009
2021:01:24;18:54:14;24,1;35,0;7,7;409;1013
2021:01:24;18:54:33;24,1;34,8;7,6;406;1015
2021:01:24;18:54:51;24,1;35,0;7,7;406;1037
2021:01:24;18:55:10;24,1;35,2;7,7;405;1039
2021:01:24;18:55:38;24,1;35,5;7,8;411;1048
2021:01:24;18:55:56;24,1;35,3;7,7;407;1053
2021:01:24;18:56:15;24,1;35,1;7,7;403;1042
2021:01:24;18:56:33;24,1;35,4;7,7;406;1059
2021:01:24;18:57:01;24,2;35,6;7,8;403;1066
2021:01:24;18:57:20;24,1;35,4;7,7;403;1080
2021:01:24;18:57:38;24,1;35,4;7,7;405;1101
2021:01:24;18:57:57;24,1;35,8;7,8;410;1101
2021:01:24;18:58:25;24,2;35,8;7,9;402;1136
2021:01:24;18:58:43;24,2;35,7;7,9;408;1123
2021:01:24;18:59:02;24,2;35,7;7,9;408;1098
2021:01:24;18:59:20;24,2;35,6;7,8;405;1149
2021:01:24;18:59:49;24,1;36,1;7,9;403;1152
2021:01:24;19:00:07;24,2;36,0;7,9;408;1127
2021:01:24;19:00:26;24,2;36,1;7,9;406;1173
2021:01:24;19:00:44;24,2;36,2;8,0;406;1162
2021:01:24;19:01:12;24,1;36,3;7,9;403;1183
2021:01:24;19:01:31;24,1;36,1;7,9;408;1178
2021:01:24;19:01:49;24,2;36,2;8,0;408;1183
2021:01:24;19:02:08;24,2;36,5;8,0;403;1214
2021:01:24;19:02:36;24,2;36,7;8,1;413;1200
2021:01:24;19:02:54;24,1;36,5;8,0;406;1204
2021:01:24;19:03:13;24,2;36,6;8,1;402;1203
2021:01:24;19:03:31;24,2;36,7;8,1;402;1220
2021:01:24;19:03:59;24,1;37,0;8,1;407;1221
2021:01:24;19:04:18;24,2;36,7;8,1;409;1240
2021:01:24;19:04:36;24,2;36,8;8,1;402;1210
2021:01:24;19:04:55;24,2;36,8;8,1;402;1242
2021:01:24;19:05:23;24,2;37,3;8,2;406;1247
2021:01:24;19:05:42;24,2;37,1;8,2;403;1270
2021:01:24;19:06:00;24,2;37,3;8,2;403;1285
2021:01:24;19:06:19;24,2;37,3;8,2;403;1291
2021:01:24;19:06:47;24,2;38,0;8,4;403;1319
2021:01:24;19:07:05;24,2;37,8;8,3;410;1317
2021:01:24;19:07:24;24,2;37,9;8,3;405;1280
2021:01:24;19:07:42;24,2;38,2;8,4;403;1326
2021:01:24;19:08:10;24,2;38,3;8,4;405;1335
2021:01:24;19:08:29;24,2;38,2;8,4;408;1340
2021:01:24;19:08:47;24,2;38,2;8,4;411;1336
2021:01:24;19:09:06;24,2;37,9;8,3;408;1344
2021:01:24;19:09:34;24,2;38,5;8,5;409;1366
2021:01:24;19:09:52;24,2;38,3;8,4;406;1369
2021:01:24;19:10:11;24,2;38,4;8,5;406;1367
2021:01:24;19:10:30;24,2;38,8;8,5;407;1376
2021:01:24;19:10:58;24,2;39,2;8,6;409;1375
2021:01:24;19:11:16;24,2;39,1;8,6;408;1380
2021:01:24;19:11:35;24,2;38,8;8,5;408;1387
2021:01:24;19:11:53;24,2;37,9;8,3;403;1390
2021:01:24;19:12:21;24,2;39,1;8,6;403;1400
2021:01:24;19:12:40;24,3;39,1;8,7;406;1396
2021:01:24;19:12:58;24,2;39,2;8,6;402;1409
2021:01:24;19:13:17;24,3;39,7;8,8;402;1413
2021:01:24;19:13:45;24,3;39,5;8,7;402;1427
2021:01:24;19:14:03;24,2;39,4;8,7;406;1429
2021:01:24;19:14:22;24,2;39,5;8,7;403;1434
2021:01:24;19:14:40;24,2;39,2;8,6;406;1442
2021:01:24;19:15:09;24,2;39,6;8,7;400;1442
2021:01:24;19:15:27;24,2;39,5;8,7;403;1451
2021:01:24;19:15:46;24,2;39,7;8,7;403;1449
2021:01:24;19:16:04;24,2;40,0;8,8;407;1456
2021:01:24;19:16:32;24,2;40,0;8,8;400;1462
2021:01:24;19:16:51;24,2;40,0;8,8;406;1464
2021:01:24;19:17:09;24,2;40,3;8,9;400;1486
2021:01:24;19:17:28;24,2;40,2;8,8;400;1496
2021:01:24;19:17:56;24,2;40,3;8,9;402;1515
2021:01:24;19:18:14;24,2;40,5;8,9;406;1511
2021:01:24;19:18:33;24,2;40,6;8,9;402;1518
2021:01:24;19:18:51;24,2;40,6;8,9;411;1519
2021:01:24;19:19:19;24,2;40,5;8,9;400;1535
2021:01:24;19:19:38;24,2;40,6;8,9;405;1550
2021:01:24;19:19:56;24,2;40,8;9,0;405;1557
2021:01:24;19:20:15;24,2;41,0;9,0;405;1555
2021:01:24;19:20:43;24,3;41,8;9,3;409;1580
2021:01:24;19:21:02;24,3;41,5;9,2;403;1582
2021:01:24;19:21:20;24,3;41,4;9,2;403;1582
2021:01:24;19:21:39;24,2;41,4;9,1;400;1570
2021:01:24;19:22:07;24,2;41,6;9,2;403;1581
2021:01:24;19:22:25;24,2;41,2;9,1;403;1576
2021:01:24;19:22:44;24,2;41,3;9,1;400;1577
2021:01:24;19:23:02;24,2;41,1;9,0;400;1574
2021:01:24;19:23:30;24,3;40,6;9,0;405;1568
2021:01:24;19:23:49;24,3;41,2;9,1;407;1586
2021:01:24;19:24:07;24,3;41,7;9,2;402;1589
2021:01:24;19:24:26;24,3;41,8;9,3;400;1586
2021:01:24;19:24:54;24,3;41,9;9,3;407;1604
2021:01:24;19:25:12;24,2;41,7;9,2;405;1617
2021:01:24;19:25:31;24,3;42,4;9,4;402;1630
2021:01:24;19:25:50;24,3;42,2;9,3;400;1630
2021:01:24;19:26:18;24,3;42,5;9,4;402;1645
2021:01:24;19:26:36;24,2;42,6;9,4;402;1650
2021:01:24;19:26:55;24,2;42,3;9,3;403;1666
2021:01:24;19:27:13;24,2;42,4;9,3;407;1655
2021:01:24;19:27:41;24,2;42,0;9,2;403;1673
2021:01:24;19:28:00;24,3;41,9;9,3;403;1688
2021:01:24;19:28:18;24,2;42,1;9,3;400;1680
2021:01:24;19:28:37;24,3;42,3;9,4;400;1684
2021:01:24;19:29:05;24,3;43,1;9,5;408;1691
2021:01:24;19:29:23;24,3;42,6;9,4;402;1697
2021:01:24;19:29:42;24,3;42,6;9,4;407;1708
2021:01:24;19:30:00;24,3;42,3;9,4;405;1720
2021:01:24;19:30:29;24,4;43,2;9,6;409;1736
2021:01:24;19:30:47;24,3;42,9;9,5;400;1717
2021:01:24;19:31:06;24,3;43,0;9,5;402;1738
2021:01:24;19:31:24;24,3;42,5;9,4;400;1724
2021:01:24;19:31:52;24,3;42,7;9,5;407;1715
2021:01:24;19:32:11;24,3;42,4;9,4;405;1723
2021:01:24;19:32:29;24,3;42,5;9,4;400;1733
2021:01:24;19:32:48;24,3;43,0;9,5;405;1745
2021:01:24;19:33:16;24,3;42,0;9,3;400;1771
2021:01:24;19:33:34;24,3;43,1;9,5;409;1783
2021:01:24;19:33:53;24,4;43,3;9,6;408;1789
2021:01:24;19:34:11;24,3;43,4;9,6;407;1770
2021:01:24;19:34:40;24,3;43,2;9,6;400;1769
2021:01:24;19:34:58;24,3;42,9;9,5;403;1776
2021:01:24;19:35:17;24,3;43,4;9,6;403;1791
2021:01:24;19:35:35;24,3;43,5;9,6;400;1781
2021:01:24;19:36:03;24,3;42,3;9,4;403;1797
2021:01:24;19:36:22;24,3;43,2;9,6;409;1798
2021:01:24;19:36:40;24,3;43,6;9,7;402;1810
2021:01:24;19:36:59;24,3;43,7;9,7;407;1803
2021:01:24;19:37:27;24,3;43,9;9,7;411;1792
2021:01:24;19:37:45;24,4;43,5;9,7;407;1789
2021:01:24;19:38:04;24,3;43,3;9,6;409;1789
2021:01:24;19:38:22;24,3;43,5;9,6;407;1789
2021:01:24;19:38:50;24,3;43,2;9,6;400;1788
2021:01:24;19:39:09;24,3;42,9;9,5;402;1789
2021:01:24;19:39:28;24,3;43,3;9,6;407;1800
2021:01:24;19:39:46;24,3;43,2;9,6;409;1794
2021:01:24;19:40:14;24,4;44,2;9,8;413;1808
2021:01:24;19:40:33;24,4;43,9;9,8;410;1820
2021:01:24;19:40:51;24,4;44,2;9,8;405;1834
2021:01:24;19:41:10;24,4;44,3;9,9;409;1827
2021:01:24;19:41:38;24,4;44,7;10,0;413;1839
2021:01:24;19:41:56;24,4;44,5;9,9;402;1850
2021:01:24;19:42:15;24,5;44,3;9,9;403;1852
2021:01:24;19:42:33;24,5;44,6;10,0;405;1856
2021:01:24;19:43:01;24,5;44,4;9,9;409;1848
2021:01:24;19:43:20;24,5;44,0;9,9;405;1830
2021:01:24;19:43:38;24,4;44,0;9,8;400;1825
2021:01:24;19:43:57;24,4;43,8;9,8;403;1817
2021:01:24;19:44:25;24,5;44,2;9,9;403;1821
2021:01:24;19:44:43;24,5;44,0;9,9;406;1817
2021:01:24;19:45:02;24,4;43,9;9,8;402;1809
2021:01:24;19:45:21;24,5;43,5;9,7;403;1813
2021:01:24;19:45:49;24,5;43,7;9,8;400;1781
2021:01:24;19:46:07;24,5;43,3;9,7;400;1745
2021:01:24;19:46:26;24,5;43,2;9,7;400;1776
2021:01:24;19:46:44;24,5;43,0;9,6;405;1775
2021:01:24;19:47:12;24,5;42,9;9,6;405;1768
2021:01:24;19:47:31;24,5;43,0;9,6;405;1723
2021:01:24;19:47:49;24,5;42,8;9,6;405;1719
2021:01:24;19:48:08;24,5;42,9;9,6;403;1760
2021:01:24;19:48:36;24,5;42,6;9,5;406;1744
2021:01:24;19:48:54;24,5;42,5;9,5;403;1716
2021:01:24;19:49:13;24,6;42,7;9,6;405;1744
2021:01:24;19:49:31;24,6;42,5;9,6;403;1735
2021:01:24;19:49:59;24,6;42,4;9,5;403;1734
2021:01:24;19:50:18;24,5;42,3;9,5;402;1725
2021:01:24;19:50:36;24,5;42,2;9,4;409;1703
2021:01:24;19:50:55;24,6;42,4;9,5;407;1719
2021:01:24;19:51:23;24,6;42,4;9,5;409;1719
2021:01:24;19:51:42;24,5;42,0;9,4;400;1707
2021:01:24;19:52:00;24,6;42,2;9,5;407;1719
2021:01:24;19:52:19;24,6;42,1;9,5;400;1720
2021:01:24;19:52:47;24,5;42,0;9,4;402;1713
2021:01:24;19:53:05;24,5;41,8;9,4;406;1695
2021:01:24;19:53:24;24,5;41,6;9,3;400;1696
2021:01:24;19:53:42;24,5;41,7;9,3;400;1689
2021:01:24;19:54:10;24,6;41,8;9,4;402;1684
2021:01:24;19:54:29;24,5;41,5;9,3;400;1675
2021:01:24;19:54:47;24,5;41,3;9,2;400;1665
2021:01:24;19:55:06;24,5;41,3;9,2;400;1658
2021:01:24;19:55:34;24,5;41,2;9,2;400;1649
2021:01:24;19:55:53;24,5;40,9;9,2;403;1616
2021:01:24;19:56:11;24,5;41,1;9,2;403;1644
2021:01:24;19:56:30;24,5;41,0;9,2;403;1638
2021:01:24;19:56:58;24,4;39,8;8,9;400;1636
2021:01:24;19:57:16;24,4;40,8;9,1;403;1589
2021:01:24;19:57:35;24,4;40,8;9,1;400;1576
2021:01:24;19:57:53;24,4;40,8;9,1;405;1572
2021:01:24;19:58:21;24,4;40,8;9,1;407;1569
2021:01:24;19:58:40;24,4;40,6;9,0;408;1567
2021:01:24;19:58:58;24,4;40,3;9,0;403;1563
2021:01:24;19:59:17;24,4;40,5;9,0;403;1556
2021:01:24;19:59:45;24,4;40,4;9,0;400;1551
2021:01:24;20:00:03;24,3;40,2;8,9;403;1541
2021:01:24;20:00:22;24,4;40,0;8,9;400;1547
2021:01:24;20:00:41;24,5;40,3;9,0;407;1544
2021:01:24;20:01:09;24,4;39,9;8,9;400;1526
2021:01:24;20:01:27;24,4;39,9;8,9;400;1517
2021:01:24;20:01:46;24,3;39,8;8,8;402;1500
2021:01:24;20:02:04;24,3;39,6;8,8;400;1516
2021:01:24;20:02:32;24,4;40,0;8,9;400;1498
2021:01:24;20:02:51;24,4;39,8;8,9;407;1522
2021:01:24;20:03:09;24,3;39,6;8,8;402;1488
2021:01:24;20:03:28;24,3;39,6;8,8;403;1480
2021:01:24;20:03:56;24,3;39,6;8,8;403;1470
2021:01:24;20:04:14;24,3;39,4;8,7;400;1476
2021:01:24;20:04:33;24,4;39,2;8,7;405;1463
2021:01:24;20:04:51;24,3;39,1;8,7;400;1484
2021:01:24;20:05:20;24,3;39,4;8,7;400;1449
2021:01:24;20:05:38;24,3;39,1;8,7;405;1448
2021:01:24;20:05:57;24,3;39,2;8,7;400;1443
2021:01:24;20:06:15;24,3;38,9;8,6;402;1437
2021:01:24;20:06:43;24,3;39,4;8,7;400;1437
2021:01:24;20:07:02;24,3;39,3;8,7;403;1434
2021:01:24;20:07:20;24,3;39,1;8,7;407;1439
2021:01:24;20:07:39;24,3;39,0;8,6;400;1433
2021:01:24;20:08:07;24,4;39,7;8,8;411;1433
2021:01:24;20:08:25;24,4;39,5;8,8;409;1440
2021:01:24;20:08:44;24,4;39,7;8,8;403;1436
2021:01:24;20:09:02;24,4;39,4;8,8;407;1431
2021:01:24;20:09:30;24,3;39,4;8,7;400;1428
2021:01:24;20:09:49;24,3;39,4;8,7;403;1363
2021:01:24;20:10:08;24,3;39,0;8,6;400;1185
2021:01:24;20:10:26;24,2;30,6;6,7;400;995
2021:01:24;20:10:54;23,2;25,6;5,3;400;814
2021:01:24;20:11:13;23,1;25,5;5,3;400;697
2021:01:24;20:11:31;22,7;24,0;4,8;400;614
2021:01:24;20:11:50;22,4;23,9;4,7;400;534
2021:01:24;20:12:18;21,6;23,4;4,4;400;485
2021:01:24;20:12:36;21,5;23,3;4,4;400;437
2021:01:24;20:12:55;21,1;23,4;4,3;400;425
2021:01:24;20:13:13;20,7;23,5;4,2;400;409
2021:01:24;20:13:41;20,2;23,9;4,2;400;378
2021:01:24;20:14:00;20,2;23,8;4,2;422;373
2021:01:24;20:14:18;19,9;24,4;4,2;415;381
2021:01:24;20:14:37;19,7;26,4;4,5;414;414
2021:01:24;20:15:05;19,8;26,8;4,6;424;407
2021:01:24;20:15:24;19,8;27,1;4,6;418;414
2021:01:24;20:15:42;19,8;28,5;4,9;414;411
2021:01:24;20:16:01;20,0;28,3;4,9;408;420
2021:01:24;20:16:29;20,2;29,2;5,1;426;462
2021:01:24;20:16:47;20,3;29,1;5,1;421;463
2021:01:24;20:17:06;20,4;29,4;5,2;416;502
2021:01:24;20:17:24;20,6;29,9;5,4;410;514
2021:01:24;20:17:52;20,8;30,6;5,5;418;530
2021:01:24;20:18:11;20,8;30,5;5,5;413;545
2021:01:24;20:18:29;20,9;30,8;5,6;425;575
2021:01:24;20:18:48;21,1;32,1;5,9;466;589
2021:01:24;20:19:16;21,3;32,7;6,1;427;649
2021:01:24;20:19:34;21,3;32,7;6,1;411;664
2021:01:24;20:19:53;21,4;33,3;6,2;422;690
2021:01:24;20:20:11;21,5;34,0;6,4;416;699
2021:01:24;20:20:40;21,7;33,0;6,3;422;710
2021:01:24;20:20:58;21,7;33,9;6,5;407;726
2021:01:24;20:21:17;21,8;34,0;6,5;414;754
2021:01:24;20:21:35;21,9;33,7;6,5;403;734
2021:01:24;20:22:03;22,0;34,0;6,6;414;765
2021:01:24;20:22:22;22,0;33,9;6,6;414;757
2021:01:24;20:22:40;22,1;34,1;6,7;410;762
2021:01:24;20:22:59;22,2;34,3;6,7;406;761
2021:01:24;20:23:27;22,3;34,2;6,8;414;765
2021:01:24;20:23:45;22,3;34,1;6,7;400;752
2021:01:24;20:24:04;22,4;34,3;6,8;403;770
2021:01:24;20:24:22;22,4;34,4;6,8;403;768
2021:01:24;20:24:51;22,5;34,3;6,9;405;761
2021:01:24;20:25:09;22,5;34,1;6,8;401;763
2021:01:24;20:25:28;22,6;34,1;6,9;401;760
2021:01:24;20:25:46;22,6;34,2;6,9;406;763
2021:01:24;20:26:14;22,7;34,1;6,9;410;774
2021:01:24;20:26:33;22,7;34,1;6,9;403;771
2021:01:24;20:26:51;22,8;34,0;6,9;408;775
2021:01:24;20:27:10;22,8;33,8;6,9;414;767
2021:01:24;20:27:38;22,9;34,2;7,0;409;801
2021:01:24;20:27:56;22,9;34,0;6,9;406;764
2021:01:24;20:28:15;22,9;33,7;6,9;417;757
2021:01:24;20:28:33;23,0;34,0;7,0;408;795
2021:01:24;20:29:02;23,0;34,0;7,0;406;781
2021:01:24;20:29:20;23,0;33,8;6,9;406;791
2021:01:24;20:29:39;23,1;33,9;7,0;407;787
2021:01:24;20:29:57;23,1;34,0;7,0;402;799
2021:01:24;20:30:25;23,1;34,2;7,1;407;796
2021:01:24;20:30:44;23,1;33,9;7,0;408;794
2021:01:24;20:31:02;23,1;33,9;7,0;402;797
2021:01:24;20:31:21;23,1;33,8;7,0;406;798
2021:01:24;20:31:49;23,2;34,1;7,1;400;791
2021:01:24;20:32:07;23,2;34,2;7,1;400;797
2021:01:24;20:32:26;23,2;32,8;6,8;407;794
2021:01:24;20:32:44;23,3;34,1;7,1;406;787
2021:01:24;20:33:12;23,3;34,0;7,1;400;785
2021:01:24;20:33:31;23,3;33,8;7,1;406;800
2021:01:24;20:33:49;23,4;33,9;7,1;410;788
2021:01:24;20:34:08;23,4;34,0;7,2;403;789
2021:01:24;20:34:36;23,4;34,2;7,2;409;800
2021:01:24;20:34:55;23,4;34,0;7,2;433;774
2021:01:24;20:35:13;23,4;34,2;7,2;402;813
2021:01:24;20:35:32;23,5;34,0;7,2;402;777
2021:01:24;20:36:00;23,5;32,8;6,9;410;816
2021:01:24;20:36:18;23,6;33,9;7,2;407;816
2021:01:24;20:36:37;23,6;33,9;7,2;403;809
2021:01:24;20:36:55;23,5;33,8;7,1;403;811
2021:01:24;20:37:23;23,6;34,2;7,3;405;809
2021:01:24;20:37:42;23,5;34,0;7,2;411;810
2021:01:24;20:38:00;23,6;33,9;7,2;406;800
2021:01:24;20:38:19;23,6;34,0;7,2;407;803
2021:01:24;20:38:47;23,6;34,2;7,3;414;815
2021:01:24;20:39:06;23,6;33,9;7,2;400;813
2021:01:24;20:39:24;23,6;33,8;7,2;406;816
2021:01:24;20:39:43;23,6;34,1;7,3;400;816
2021:01:24;20:40:11;23,7;34,2;7,3;402;814
2021:01:24;20:40:29;23,6;33,9;7,2;402;812
2021:01:24;20:40:48;23,7;34,0;7,3;402;809
2021:01:24;20:41:06;23,7;34,0;7,3;400;801
2021:01:24;20:41:34;23,7;34,0;7,3;406;808
2021:01:24;20:41:53;23,7;33,9;7,3;408;809
2021:01:24;20:42:11;23,7;33,5;7,2;408;810
2021:01:24;20:42:30;23,7;34,0;7,3;408;809
2021:01:24;20:42:58;23,7;34,1;7,3;408;815
2021:01:24;20:43:16;23,6;33,9;7,2;408;796
2021:01:24;20:43:35;23,7;33,7;7,2;411;801
2021:01:24;20:43:53;23,7;33,8;7,2;405;789
2021:01:24;20:44:22;23,6;34,2;7,3;400;792
2021:01:24;20:44:40;23,6;34,0;7,2;403;799
2021:01:24;20:44:59;23,6;34,0;7,2;408;796
2021:01:24;20:45:17;23,6;33,9;7,2;408;791
2021:01:24;20:45:45;23,6;34,3;7,3;408;798
2021:01:24;20:46:04;23,7;34,2;7,3;408;791
2021:01:24;20:46:22;23,7;34,2;7,3;413;789
2021:01:24;20:46:41;23,6;34,3;7,3;405;797
2021:01:24;20:47:09;23,7;34,6;7,4;400;792
2021:01:24;20:47:27;23,7;34,3;7,3;411;792
2021:01:24;20:47:46;23,7;34,4;7,4;408;794
2021:01:24;20:48:04;23,7;34,3;7,3;400;806
2021:01:24;20:48:32;23,7;34,6;7,4;411;795
2021:01:24;20:48:51;23,7;34,3;7,3;410;796
2021:01:24;20:49:10;23,7;34,5;7,4;403;796
2021:01:24;20:49:28;23,7;34,5;7,4;400;817
2021:01:24;20:49:56;23,7;34,6;7,4;403;801
2021:01:24;20:50:15;23,7;34,7;7,4;408;805
2021:01:24;20:50:33;23,7;34,6;7,4;408;802
2021:01:24;20:50:52;23,7;34,5;7,4;402;805
2021:01:24;20:51:20;23,7;34,7;7,4;406;805
2021:01:24;20:51:38;23,7;34,4;7,4;407;804
2021:01:24;20:51:57;23,7;34,3;7,3;402;800
2021:01:24;20:52:15;23,7;34,4;7,4;409;800
2021:01:24;20:52:43;23,7;34,4;7,4;409;798
2021:01:24;20:53:02;23,7;34,4;7,4;407;808
2021:01:24;20:53:20;23,7;34,3;7,3;407;794
2021:01:24;20:53:39;23,7;34,3;7,3;409;802
2021:01:24;20:54:07;23,7;34,5;7,4;400;803
2021:01:24;20:54:26;23,7;34,3;7,3;400;794
2021:01:24;20:54:44;23,7;34,4;7,4;403;798
2021:01:24;20:55:03;23,7;34,6;7,4;406;797
2021:01:24;20:55:31;23,7;34,6;7,4;403;801
2021:01:24;20:55:49;23,7;34,7;7,4;403;794
2021:01:24;20:56:08;23,7;34,4;7,4;400;794
2021:01:24;20:56:26;23,7;34,4;7,4;402;783
2021:01:24;20:56:54;23,7;34,4;7,4;409;782
2021:01:24;20:57:13;23,7;34,2;7,3;403;777
2021:01:24;20:57:31;23,7;34,3;7,3;406;785
2021:01:24;20:57:50;23,7;34,1;7,3;406;789
2021:01:24;20:58:18;23,8;34,4;7,4;400;791
2021:01:24;20:58:37;23,7;34,1;7,3;406;784
2021:01:24;20:58:55;23,8;34,3;7,4;403;783
2021:01:24;20:59:14;23,8;34,2;7,4;408;782
2021:01:24;20:59:42;23,8;34,2;7,4;406;776
2021:01:24;21:00:00;23,7;34,1;7,3;406;779
2021:01:24;21:00:19;23,8;34,3;7,4;406;782
2021:01:24;21:00:37;23,7;34,4;7,4;403;776
2021:01:24;21:01:05;23,7;34,6;7,4;409;824
2021:01:24;21:01:24;23,8;34,7;7,5;400;794
2021:01:24;21:01:42;23,8;34,4;7,4;402;818
2021:01:24;21:02:01;23,7;34,1;7,3;403;789
2021:01:24;21:02:29;23,8;34,7;7,5;407;792
2021:01:24;21:02:47;23,7;34,5;7,4;406;788
2021:01:24;21:03:06;23,7;34,9;7,5;400;798
2021:01:24;21:03:25;23,7;34,6;7,4;413;811
2021:01:24;21:03:53;23,7;34,8;7,4;413;800
2021:01:24;21:04:11;23,8;34,6;7,4;402;806
2021:01:24;21:04:30;23,8;35,0;7,5;409;814
2021:01:24;21:04:48;23,7;35,1;7,5;406;809
2021:01:24;21:05:16;23,7;35,4;7,6;407;811
2021:01:24;21:05:35;23,7;35,1;7,5;409;812
2021:01:24;21:05:53;23,7;35,0;7,5;400;808
2021:01:24;21:06:12;23,7;35,6;7,6;400;810
2021:01:24;21:06:40;23,7;35,0;7,5;406;805
2021:01:24;21:06:58;23,7;35,8;7,7;403;805
2021:01:24;21:07:17;23,8;36,0;7,7;400;816
2021:01:24;21:07:35;23,7;35,9;7,7;402;811
2021:01:24;21:08:04;23,7;36,1;7,7;410;816
2021:01:24;21:08:22;23,7;35,9;7,7;408;815
2021:01:24;21:08:41;23,7;35,7;7,6;403;809
2021:01:24;21:08:59;23,7;36,0;7,7;403;804
2021:01:24;21:09:27;23,7;36,7;7,9;407;819
2021:01:24;21:09:46;23,7;36,6;7,8;400;824
2021:01:24;21:10:04;23,7;36,5;7,8;400;811
2021:01:24;21:10:23;23,7;36,2;7,7;407;824
2021:01:24;21:10:51;23,7;36,7;7,9;405;818
2021:01:24;21:11:09;23,8;36,7;7,9;402;821
2021:01:24;21:11:28;23,8;36,5;7,9;403;821
2021:01:24;21:11:46;23,9;36,5;7,9;409;823
2021:01:24;21:12:14;23,9;36,6;7,9;406;824
2021:01:24;21:12:33;23,9;36,8;8,0;402;830
2021:01:24;21:12:51;23,9;36,6;7,9;402;830
2021:01:24;21:13:10;23,9;36,7;7,9;402;836
2021:01:24;21:13:38;24,0;36,9;8,0;407;848
2021:01:24;21:13:57;24,0;37,0;8,1;405;846
2021:01:24;21:14:15;24,1;35,6;7,8;400;843
2021:01:24;21:14:34;24,0;36,7;8,0;403;834
2021:01:24;21:15:02;24,0;36,8;8,0;403;840
2021:01:24;21:15:20;24,0;36,7;8,0;400;842
2021:01:24;21:15:39;24,0;36,6;8,0;406;838
2021:01:24;21:15:57;24,0;36,7;8,0;407;837
2021:01:24;21:16:25;24,0;36,8;8,0;409;843
2021:01:24;21:16:44;23,9;36,6;7,9;413;845
2021:01:24;21:17:02;24,0;36,7;8,0;407;841
2021:01:24;21:17:21;24,0;37,1;8,1;407;848
2021:01:24;21:17:49;24,0;37,0;8,1;409;845
2021:01:24;21:18:08;24,0;36,8;8,0;402;846
2021:01:24;21:18:26;24,0;36,9;8,0;409;840
2021:01:24;21:18:45;24,0;36,8;8,0;403;839
2021:01:24;21:19:13;24,0;37,1;8,1;406;839
2021:01:24;21:19:31;24,0;36,8;8,0;409;837
2021:01:24;21:19:50;23,9;37,0;8,0;406;841
2021:01:24;21:20:08;23,9;37,3;8,1;400;836
2021:01:24;21:20:36;23,9;37,3;8,1;403;874
2021:01:24;21:20:55;24,0;37,3;8,1;402;842
2021:01:24;21:21:13;24,0;37,0;8,1;406;837
2021:01:24;21:21:32;24,0;37,3;8,1;403;843
2021:01:24;21:22:00;24,0;37,0;8,1;406;852
2021:01:24;21:22:18;24,0;37,0;8,1;403;841
2021:01:24;21:22:37;24,0;36,8;8,0;411;837
2021:01:24;21:22:55;24,0;37,1;8,1;406;838
2021:01:24;21:23:24;24,1;37,4;8,2;409;838
2021:01:24;21:23:42;24,0;37,1;8,1;400;841
2021:01:24;21:24:01;24,0;36,9;8,0;409;838
2021:01:24;21:24:19;24,0;36,9;8,0;409;836
2021:01:24;21:24:47;24,0;37,0;8,1;409;839
2021:01:24;21:25:06;24,0;37,0;8,1;409;848
2021:01:24;21:25:24;24,0;37,0;8,1;400;831
2021:01:24;21:25:43;24,1;37,1;8,1;405;848
2021:01:24;21:26:11;24,1;37,4;8,2;402;850
2021:01:24;21:26:29;24,1;37,2;8,1;402;844
2021:01:24;21:26:48;24,1;37,0;8,1;402;838
2021:01:24;21:27:06;24,1;37,0;8,1;400;847
2021:01:24;21:27:34;24,1;37,3;8,2;405;856
2021:01:24;21:27:53;24,1;37,2;8,1;405;861
2021:01:24;21:28:11;24,1;37,5;8,2;403;854
2021:01:24;21:28:30;24,1;37,4;8,2;403;860
2021:01:24;21:28:58;24,1;37,4;8,2;408;860
2021:01:24;21:29:17;24,1;37,1;8,1;405;861
2021:01:24;21:29:35;24,1;37,0;8,1;407;848
2021:01:24;21:29:54;24,1;37,0;8,1;407;857
2021:01:24;21:30:22;24,2;36,8;8,1;409;854
2021:01:24;21:30:40;24,2;37,3;8,2;403;863
2021:01:24;21:30:59;24,2;37,0;8,1;403;856
2021:01:24;21:31:17;24,2;36,9;8,1;403;857
2021:01:24;21:31:45;24,2;37,1;8,2;406;859
2021:01:24;21:32:04;24,1;35,9;7,9;406;886
2021:01:24;21:32:22;24,1;37,1;8,1;407;863
2021:01:24;21:32:41;24,1;37,0;8,1;407;857
2021:01:24;21:33:09;24,2;37,2;8,2;400;846
2021:01:24;21:33:28;24,2;37,1;8,2;402;851
2021:01:24;21:33:46;24,2;37,1;8,2;407;861
2021:01:24;21:34:05;24,2;37,0;8,1;407;863
2021:01:24;21:34:33;24,2;37,4;8,2;407;852
2021:01:24;21:34:51;24,2;37,4;8,2;402;850
2021:01:24;21:35:10;24,1;37,1;8,1;402;850
2021:01:24;21:35:28;24,1;37,1;8,1;407;847
2021:01:24;21:35:56;24,1;37,2;8,1;407;858
2021:01:24;21:36:15;24,1;37,1;8,1;405;864
2021:01:24;21:36:33;24,1;37,2;8,1;406;855
2021:01:24;21:36:52;24,1;37,2;8,1;400;855
2021:01:24;21:37:20;24,2;37,8;8,3;403;903
2021:01:24;21:37:39;24,1;36,6;8,0;403;867
2021:01:24;21:37:57;24,2;37,4;8,2;403;874
2021:01:24;21:38:15;24,2;37,7;8,3;405;861
2021:01:24;21:38:44;24,2;36,6;8,1;408;868
2021:01:24;21:39:02;24,2;37,4;8,2;408;861
2021:01:24;21:39:21;24,2;37,3;8,2;403;890
2021:01:24;21:39:39;24,2;37,4;8,2;407;870
2021:01:24;21:40:07;24,1;37,6;8,2;410;875
2021:01:24;21:40:26;24,1;37,4;8,2;402;866
2021:01:24;21:40:44;24,2;37,7;8,3;407;865
2021:01:24;21:41:03;24,2;37,7;8,3;407;869
2021:01:24;21:41:31;24,2;37,5;8,3;403;860
2021:01:24;21:41:49;24,1;37,2;8,1;407;874
2021:01:24;21:42:08;24,1;37,2;8,1;400;903
2021:01:24;21:42:26;24,2;37,5;8,3;407;886
2021:01:24;21:42:55;24,2;37,4;8,2;400;895
2021:01:24;21:43:13;24,2;37,3;8,2;403;890
2021:01:24;21:43:32;24,2;37,2;8,2;403;894
2021:01:24;21:43:50;24,1;37,4;8,2;407;901
2021:01:24;21:44:18;24,1;37,5;8,2;407;872
2021:01:24;21:44:37;24,1;37,2;8,1;403;902
2021:01:24;21:44:55;24,2;37,4;8,2;403;894
2021:01:24;21:45:14;24,2;37,5;8,3;403;900
2021:01:24;21:45:42;24,2;37,4;8,2;409;870
2021:01:24;21:46:00;24,2;37,3;8,2;408;905
2021:01:24;21:46:19;24,2;37,5;8,3;405;905
2021:01:24;21:46:37;24,2;37,9;8,3;405;886
2021:01:24;21:47:05;24,3;37,7;8,3;403;876
2021:01:24;21:47:24;24,2;37,6;8,3;405;872
2021:01:24;21:47:43;24,3;37,4;8,3;410;920
2021:01:24;21:48:01;24,3;37,5;8,3;409;893
2021:01:24;21:48:29;24,3;38,0;8,4;408;892
2021:01:24;21:48:48;24,2;37,9;8,3;403;930
2021:01:24;21:49:06;24,2;37,6;8,3;408;892
2021:01:24;21:49:25;24,2;37,7;8,3;400;923
2021:01:24;21:49:53;24,2;37,8;8,3;403;889
2021:01:24;21:50:11;24,2;37,8;8,3;403;891
2021:01:24;21:50:30;24,3;37,6;8,3;403;887
2021:01:24;21:50:48;24,3;37,6;8,3;403;893
2021:01:24;21:51:16;24,3;37,9;8,4;406;891
2021:01:24;21:51:35;24,2;37,6;8,3;400;895
2021:01:24;21:51:53;24,3;37,7;8,3;400;909
2021:01:24;21:52:12;24,3;37,7;8,3;402;906
2021:01:24;21:52:40;24,3;37,6;8,3;402;887
2021:01:24;21:52:59;24,3;37,6;8,3;409;911
2021:01:24;21:53:17;24,3;37,7;8,3;402;905
2021:01:24;21:53:36;24,3;38,0;8,4;413;906
2021:01:24;21:54:04;24,3;37,5;8,3;400;904
2021:01:24;21:54:22;24,3;37,7;8,3;405;910
2021:01:24;21:54:41;24,2;37,4;8,2;400;941
2021:01:24;21:54:59;24,2;37,6;8,3;400;935
2021:01:24;21:55:27;24,3;38,2;8,5;409;896
2021:01:24;21:55:46;24,2;37,8;8,3;413;906
2021:01:24;21:56:04;24,3;37,9;8,4;408;902
2021:01:24;21:56:23;24,2;37,8;8,3;405;931
2021:01:24;21:56:51;24,2;37,8;8,3;409;931
2021:01:24;21:57:09;24,2;37,6;8,3;408;933
2021:01:24;21:57:28;24,2;37,5;8,3;403;899
2021:01:24;21:57:46;24,2;37,5;8,3;405;930
2021:01:24;21:58:15;24,1;37,9;8,3;405;931
2021:01:24;21:58:33;24,2;37,8;8,3;405;932
2021:01:24;21:58:52;24,2;38,0;8,4;406;930
2021:01:24;21:59:10;24,2;37,9;8,3;402;927
2021:01:24;21:59:38;24,2;37,9;8,3;409;903
2021:01:24;21:59:57;24,2;37,9;8,3;402;928
2021:01:24;22:00:15;24,2;37,9;8,3;403;910
2021:01:24;22:00:34;24,2;38,0;8,4;405;903
2021:01:24;22:01:02;24,2;38,3;8,4;405;905
2021:01:24;22:01:20;24,1;37,9;8,3;409;905
2021:01:24;22:01:39;24,1;38,2;8,4;408;908
2021:01:24;22:01:57;24,1;38,3;8,4;405;907
2021:01:24;22:02:25;24,2;38,4;8,5;400;936
2021:01:24;22:02:44;24,2;38,1;8,4;408;944
2021:01:24;22:03:02;24,2;37,9;8,3;400;969
2021:01:24;22:03:21;24,2;38,1;8,4;403;904
2021:01:24;22:03:49;24,2;38,2;8,4;400;939
2021:01:24;22:04:08;24,2;38,0;8,4;407;946
2021:01:24;22:04:26;24,2;38,0;8,4;402;938
2021:01:24;22:04:45;24,2;38,1;8,4;402;914
2021:01:24;22:05:13;24,2;38,2;8,4;405;908
2021:01:24;22:05:31;24,2;38,0;8,4;408;910
2021:01:24;22:05:50;24,2;38,1;8,4;407;932
2021:01:24;22:06:08;24,2;38,0;8,4;408;931
2021:01:24;22:06:36;24,2;38,2;8,4;408;912
2021:01:24;22:06:55;24,2;37,9;8,3;407;934
2021:01:24;22:07:13;24,2;38,0;8,4;408;901
2021:01:24;22:07:32;24,2;38,0;8,4;402;904
2021:01:24;22:08:00;24,2;38,2;8,4;410;908
2021:01:24;22:08:19;24,3;38,0;8,4;407;938
2021:01:24;22:08:37;24,2;37,8;8,3;402;950
2021:01:24;22:08:56;24,2;37,8;8,3;402;909
2021:01:24;22:09:24;24,2;38,3;8,4;407;937
2021:01:24;22:09:42;24,2;38,2;8,4;405;906
2021:01:24;22:10:01;24,2;37,9;8,3;402;935
2021:01:24;22:10:19;24,2;37,5;8,3;405;934
2021:01:24;22:10:47;24,2;38,0;8,4;410;915
2021:01:24;22:11:06;24,2;37,9;8,3;402;942
2021:01:24;22:11:24;24,2;37,9;8,3;408;939
2021:01:24;22:11:43;24,2;37,8;8,3;400;912
2021:01:24;22:12:11;24,2;38,1;8,4;408;932
2021:01:24;22:12:30;24,2;37,9;8,3;403;932
2021:01:24;22:12:48;24,2;36,8;8,1;403;908
2021:01:24;22:13:07;24,2;37,8;8,3;403;916
2021:01:24;22:13:35;24,2;36,8;8,1;413;907
2021:01:24;22:13:53;24,2;38,0;8,4;400;936
2021:01:24;22:14:12;24,2;38,0;8,4;400;938
2021:01:24;22:14:30;24,2;38,0;8,4;403;912
2021:01:24;22:14:58;24,2;38,3;8,4;400;911
2021:01:24;22:15:17;24,2;38,0;8,4;405;913
2021:01:24;22:15:35;24,2;38,0;8,4;405;933
2021:01:24;22:15:54;24,2;38,0;8,4;409;950
2021:01:24;22:16:22;24,2;38,2;8,4;413;908
2021:01:24;22:16:40;24,2;37,9;8,3;408;932
2021:01:24;22:16:59;24,2;37,9;8,3;405;916
2021:01:24;22:17:17;24,2;38,0;8,4;408;913
2021:01:24;22:17:46;24,2;37,5;8,3;402;933
2021:01:24;22:18:04;24,2;37,9;8,3;406;939
2021:01:24;22:18:23;24,2;37,8;8,3;406;967
2021:01:24;22:18:41;24,1;37,7;8,3;402;948
2021:01:24;22:19:09;24,2;38,0;8,4;402;967
2021:01:24;22:19:28;24,2;37,9;8,3;403;969
2021:01:24;22:19:46;24,2;37,7;8,3;408;947
2021:01:24;22:20:05;24,2;38,0;8,4;433;916
2021:01:24;22:20:33;24,2;38,1;8,4;409;937
2021:01:24;22:20:51;24,2;37,9;8,3;413;914
2021:01:24;22:21:10;24,2;38,1;8,4;405;946
2021:01:24;22:21:28;24,2;37,8;8,3;409;941
2021:01:24;22:21:56;24,2;37,9;8,3;413;913
2021:01:24;22:22:15;24,1;37,9;8,3;409;931
2021:01:24;22:22:34;24,2;38,1;8,4;409;903
2021:01:24;22:22:52;24,2;38,0;8,4;408;967
2021:01:24;22:23:20;24,2;37,9;8,3;409;974
2021:01:24;22:23:39;24,2;37,9;8,3;403;950
2021:01:24;22:23:57;24,3;37,7;8,3;405;945
2021:01:24;22:24:16;24,2;37,9;8,3;400;931
2021:01:24;22:24:44;24,2;37,9;8,3;400;937
2021:01:24;22:25:02;24,2;37,3;8,2;403;936
2021:01:24;22:25:21;24,2;37,8;8,3;408;914
2021:01:24;22:25:39;24,2;37,8;8,3;400;937
2021:01:24;22:26:07;24,2;37,7;8,3;400;933
2021:01:24;22:26:26;24,2;37,4;8,2;413;935
2021:01:24;22:26:44;24,2;37,4;8,2;405;933
2021:01:24;22:27:03;24,2;37,7;8,3;409;939
2021:01:24;22:27:31;24,2;37,8;8,3;405;913
2021:01:24;22:27:50;24,3;37,6;8,3;409;931
2021:01:24;22:28:08;24,3;37,6;8,3;400;936
2021:01:24;22:28:27;24,2;37,5;8,3;408;909
2021:01:24;22:28:55;24,2;37,6;8,3;408;915
2021:01:24;22:29:13;24,2;37,4;8,2;409;907
2021:01:24;22:29:32;24,2;37,4;8,2;408;911
2021:01:24;22:29:50;24,2;37,6;8,3;403;937
2021:01:24;22:30:18;24,2;37,5;8,3;400;905
2021:01:24;22:30:37;24,2;37,3;8,2;405;936
2021:01:24;22:30:55;24,2;37,4;8,2;409;938
2021:01:24;22:31:14;24,2;37,4;8,2;405;907
2021:01:24;22:31:42;24,2;37,4;8,2;409;905
2021:01:24;22:32:00;24,2;37,3;8,2;405;910
2021:01:24;22:32:19;24,2;37,4;8,2;405;897
2021:01:24;22:32:38;24,2;37,4;8,2;409;900
2021:01:24;22:33:06;24,2;37,6;8,3;408;916
2021:01:24;22:33:24;24,2;37,4;8,2;400;913
2021:01:24;22:33:43;24,2;37,4;8,2;403;913
2021:01:24;22:34:01;24,2;37,3;8,2;413;909
2021:01:24;22:34:29;24,2;37,4;8,2;413;913
2021:01:24;22:34:48;24,2;37,4;8,2;402;908
2021:01:24;22:35:06;24,2;37,5;8,3;410;903
2021:01:24;22:35:25;24,2;37,2;8,2;406;899
2021:01:24;22:35:53;24,1;37,4;8,2;403;898
2021:01:24;22:36:11;24,1;37,1;8,1;403;893
2021:01:24;22:36:30;24,2;37,2;8,2;403;905
2021:01:24;22:36:48;24,1;37,4;8,2;408;906
2021:01:24;22:37:17;24,1;37,5;8,2;408;911
2021:01:24;22:37:35;24,1;37,3;8,2;409;914
2021:01:24;22:37:54;24,2;37,3;8,2;405;903
2021:01:24;22:38:12;24,1;37,4;8,2;403;914
2021:01:24;22:38:40;24,1;37,4;8,2;407;912
2021:01:24;22:38:59;24,1;37,4;8,2;402;916
2021:01:24;22:39:17;24,1;37,6;8,2;405;914
2021:01:24;22:39:36;24,2;37,5;8,3;409;905
2021:01:24;22:40:04;24,2;36,7;8,1;405;911
2021:01:24;22:40:22;24,1;37,4;8,2;408;900
2021:01:24;22:40:41;24,1;37,0;8,1;408;934
2021:01:24;22:40:59;24,2;37,3;8,2;413;902
2021:01:24;22:41:27;24,1;36,7;8,0;408;899
2021:01:24;22:41:46;24,1;37,1;8,1;408;907
2021:01:24;22:42:05;24,1;37,2;8,1;406;906
2021:01:24;22:42:23;24,1;37,5;8,2;409;897
2021:01:24;22:42:51;24,1;37,6;8,2;400;909
2021:01:24;22:43:10;24,1;37,4;8,2;403;903
2021:01:24;22:43:28;24,1;37,5;8,2;408;893
2021:01:24;22:43:47;24,1;37,6;8,2;405;902
2021:01:24;22:44:15;24,1;37,5;8,2;408;903
2021:01:24;22:44:33;24,1;37,2;8,1;403;904
2021:01:24;22:44:52;24,1;37,2;8,1;405;896
2021:01:24;22:45:10;24,1;37,1;8,1;400;908
2021:01:24;22:45:38;24,1;37,3;8,2;406;905
2021:01:24;22:45:57;24,1;37,2;8,1;406;908
2021:01:24;22:46:15;24,1;37,3;8,2;406;907
2021:01:24;22:46:34;24,1;37,4;8,2;409;900
2021:01:24;22:47:02;24,1;37,4;8,2;403;909
2021:01:24;22:47:21;24,2;37,5;8,3;400;941
2021:01:24;22:47:39;24,2;37,1;8,2;409;908
2021:01:24;22:47:58;24,1;36,9;8,1;409;897
2021:01:24;22:48:26;24,1;37,2;8,1;408;906
2021:01:24;22:48:44;24,1;37,0;8,1;403;904
2021:01:24;22:49:03;24,1;37,2;8,1;403;907
2021:01:24;22:49:21;24,1;37,2;8,1;406;900
2021:01:24;22:49:49;24,1;37,2;8,1;406;906
2021:01:24;22:50:08;24,1;37,1;8,1;400;906
2021:01:24;22:50:26;24,1;37,0;8,1;403;907
2021:01:24;22:50:45;24,1;36,7;8,0;400;910
2021:01:24;22:51:13;24,1;37,2;8,1;409;912
2021:01:24;22:51:31;24,1;37,2;8,1;409;902
2021:01:24;22:51:50;24,1;36,9;8,1;403;898
2021:01:24;22:52:08;24,1;37,2;8,1;403;938
2021:01:24;22:52:37;24,1;37,4;8,2;400;908
2021:01:24;22:52:55;24,1;37,1;8,1;409;905
2021:01:24;22:53:14;24,1;37,1;8,1;406;902
2021:01:24;22:53:32;24,1;36,9;8,1;400;927
2021:01:24;22:54:00;24,1;37,2;8,1;409;890
2021:01:24;22:54:19;24,1;37,1;8,1;406;891
2021:01:24;22:54:37;24,0;36,8;8,0;400;892
2021:01:24;22:54:56;24,0;37,1;8,1;400;891
2021:01:24;22:55:24;24,0;37,3;8,1;403;934
2021:01:24;22:55:42;24,0;37,1;8,1;406;919
2021:01:24;22:56:01;24,1;37,2;8,1;403;898
2021:01:24;22:56:19;24,0;36,6;8,0;403;897
2021:01:24;22:56:48;24,1;37,2;8,1;403;933
2021:01:24;22:57:06;24,0;37,0;8,1;403;903
2021:01:24;22:57:25;24,0;36,9;8,0;409;910
2021:01:24;22:57:43;24,1;37,3;8,2;403;944
2021:01:24;22:58:11;24,0;37,1;8,1;409;935
2021:01:24;22:58:30;24,0;37,0;8,1;406;908
2021:01:24;22:58:48;24,0;37,1;8,1;406;928
2021:01:24;22:59:07;23,9;36,8;8,0;403;904
2021:01:24;22:59:35;24,0;37,2;8,1;400;898
2021:01:24;22:59:53;24,0;37,1;8,1;403;922
2021:01:24;23:00:12;24,0;36,8;8,0;400;902
2021:01:24;23:00:30;23,9;37,1;8,0;403;934
2021:01:24;23:00:59;23,9;37,2;8,1;400;932
2021:01:24;23:01:17;23,9;37,0;8,0;406;904
2021:01:24;23:01:36;24,0;37,0;8,1;406;895
2021:01:24;23:01:54;23,9;37,3;8,1;406;927
2021:01:24;23:02:22;23,9;37,2;8,1;409;898
2021:01:24;23:02:41;24,0;37,3;8,1;403;905
2021:01:24;23:02:59;24,0;37,0;8,1;403;923
2021:01:24;23:03:18;24,0;37,1;8,1;400;905
2021:01:24;23:03:46;23,9;37,1;8,0;408;927
2021:01:24;23:04:04;23,9;37,2;8,1;400;940
2021:01:24;23:04:23;23,9;37,0;8,0;400;898
2021:01:24;23:04:41;23,9;37,0;8,0;400;933
2021:01:24;23:05:10;23,9;37,0;8,0;406;902
2021:01:24;23:05:28;23,9;37,0;8,0;409;927
2021:01:24;23:05:47;23,9;37,1;8,0;411;908
2021:01:24;23:06:05;24,0;37,0;8,1;408;916
2021:01:24;23:06:33;24,0;37,1;8,1;405;904
2021:01:24;23:06:52;24,0;37,0;8,1;400;930
2021:01:24;23:07:10;24,0;37,1;8,1;400;905
2021:01:24;23:07:29;24,0;37,0;8,1;408;936
2021:01:24;23:07:57;24,0;37,2;8,1;405;905
2021:01:24;23:08:15;24,0;37,0;8,1;408;897
2021:01:24;23:08:34;24,0;37,0;8,1;408;930
2021:01:24;23:08:52;23,9;36,9;8,0;403;902
2021:01:24;23:09:20;23,9;37,1;8,0;411;902
2021:01:24;23:09:39;23,9;36,9;8,0;403;891
2021:01:24;23:09:57;24,0;37,1;8,1;408;905
2021:01:24;23:10:16;24,0;37,0;8,1;405;906
2021:01:24;23:10:44;23,9;37,0;8,0;409;898
2021:01:24;23:11:03;23,9;36,8;8,0;405;898
2021:01:24;23:11:21;23,9;37,0;8,0;405;909
2021:01:24;23:11:40;24,0;37,1;8,1;405;905
2021:01:24;23:12:08;24,0;37,0;8,1;409;902
2021:01:24;23:12:26;24,0;36,8;8,0;409;905
2021:01:24;23:12:45;24,0;36,8;8,0;409;929
2021:01:24;23:13:03;24,0;36,7;8,0;403;896
2021:01:24;23:13:31;24,0;36,9;8,0;408;894
2021:01:24;23:13:50;24,0;36,6;8,0;403;892
2021:01:24;23:14:08;24,0;36,8;8,0;405;896
2021:01:24;23:14:27;24,0;36,8;8,0;405;897
2021:01:24;23:14:55;24,0;36,9;8,0;408;888
2021:01:24;23:15:14;23,9;36,6;7,9;407;899
2021:01:24;23:15:32;23,9;36,6;7,9;409;927
2021:01:24;23:15:51;23,9;36,9;8,0;413;927
2021:01:24;23:16:19;24,0;36,9;8,0;414;897
2021:01:24;23:16:37;24,0;36,8;8,0;407;905
2021:01:24;23:16:56;23,9;36,6;7,9;407;900
2021:01:24;23:17:14;23,9;37,0;8,0;402;894
2021:01:24;23:17:42;23,9;36,8;8,0;402;903
2021:01:24;23:18:01;23,9;36,8;8,0;407;902
2021:01:24;23:18:19;23,9;36,7;7,9;406;931
2021:01:24;23:18:38;23,9;36,6;7,9;406;899
2021:01:24;23:19:06;24,0;36,5;7,9;409;932
2021:01:24;23:19:24;24,0;36,9;8,0;403;941
2021:01:24;23:19:43;24,0;36,9;8,0;403;913
2021:01:24;23:20:01;24,0;37,0;8,1;414;909
2021:01:24;23:20:30;24,0;36,8;8,0;403;896
2021:01:24;23:20:48;23,9;36,7;7,9;409;913
2021:01:24;23:21:07;23,9;36,6;7,9;406;906
2021:01:24;23:21:25;23,9;36,7;7,9;406;895
2021:01:24;23:21:53;23,9;36,8;8,0;406;929
2021:01:24;23:22:12;23,9;36,7;7,9;406;903
2021:01:24;23:22:30;23,9;36,8;8,0;408;891
2021:01:24;23:22:49;23,9;36,8;8,0;403;905
2021:01:24;23:23:17;23,9;37,0;8,0;408;900
2021:01:24;23:23:35;23,9;36,8;8,0;408;901
2021:01:24;23:23:54;23,9;36,8;8,0;400;897
2021:01:24;23:24:12;23,9;36,8;8,0;405;925
2021:01:24;23:24:40;23,9;37,0;8,0;403;902
2021:01:24;23:24:59;23,9;36,7;7,9;409;912
2021:01:24;23:25:17;23,9;37,0;8,0;400;903
2021:01:24;23:25:36;23,9;36,7;7,9;409;906
2021:01:24;23:26:04;23,9;36,9;8,0;405;903
2021:01:24;23:26:23;23,9;36,6;7,9;405;898
2021:01:24;23:26:41;23,9;36,4;7,9;402;898
2021:01:24;23:27:00;23,9;36,6;7,9;405;908
2021:01:24;23:27:28;23,9;36,9;8,0;405;908
2021:01:24;23:27:46;23,9;36,7;7,9;402;904
2021:01:24;23:28:05;23,9;36,6;7,9;407;904
2021:01:24;23:28:23;23,9;36,6;7,9;407;938
2021:01:24;23:28:51;23,9;36,9;8,0;407;898
2021:01:24;23:29:10;23,9;36,7;7,9;407;899
2021:01:24;23:29:28;23,9;36,6;7,9;407;932
2021:01:24;23:29:47;23,9;36,8;8,0;407;906
2021:01:24;23:30:15;24,0;36,8;8,0;402;901
2021:01:24;23:30:34;23,9;36,6;7,9;402;899
2021:01:24;23:30:52;23,9;36,7;7,9;405;903
2021:01:24;23:31:11;23,9;36,5;7,9;407;900
2021:01:24;23:31:39;24,0;36,8;8,0;403;900
2021:01:24;23:31:57;23,9;36,5;7,9;406;897
2021:01:24;23:32:16;23,9;36,5;7,9;403;905
2021:01:24;23:32:34;23,9;36,4;7,9;409;937
2021:01:24;23:33:02;23,9;36,7;7,9;406;932
2021:01:24;23:33:21;23,9;36,8;8,0;406;929
2021:01:24;23:33:39;23,9;36,6;7,9;406;898
2021:01:24;23:33:58;23,9;36,8;8,0;405;899
2021:01:24;23:34:26;23,9;36,7;7,9;405;891
2021:01:24;23:34:44;23,9;36,5;7,9;416;924
2021:01:24;23:35:03;23,9;36,6;7,9;420;923
2021:01:24;23:35:21;23,9;36,4;7,9;406;888
2021:01:24;23:35:50;23,9;36,8;8,0;406;893
2021:01:24;23:36:08;23,9;36,6;7,9;403;937
2021:01:24;23:36:27;23,9;36,7;7,9;405;909
2021:01:24;23:36:45;23,9;36,6;7,9;403;934
2021:01:24;23:37:13;23,9;36,9;8,0;403;900
2021:01:24;23:37:32;23,9;36,5;7,9;405;907
2021:01:24;23:37:50;23,9;36,5;7,9;408;930
2021:01:24;23:38:09;23,9;36,1;7,8;403;899
2021:01:24;23:38:37;23,9;36,8;8,0;408;903
2021:01:24;23:38:55;23,9;36,5;7,9;408;914
2021:01:24;23:39:14;23,9;36,6;7,9;408;908
2021:01:24;23:39:32;23,9;36,9;8,0;408;909
2021:01:24;23:40:00;24,0;37,0;8,1;408;945
2021:01:24;23:40:19;24,0;36,9;8,0;403;912
2021:01:24;23:40:37;24,0;36,6;8,0;408;912
2021:01:24;23:40:56;24,0;36,7;8,0;403;931
2021:01:24;23:41:24;24,0;36,9;8,0;400;972
2021:01:24;23:41:43;24,0;36,6;8,0;405;944
2021:01:24;23:42:01;24,0;36,7;8,0;403;941
2021:01:24;23:42:20;24,0;36,6;8,0;402;915
2021:01:24;23:42:48;24,0;36,6;8,0;417;943
2021:01:24;23:43:06;24,0;36,6;8,0;403;913
2021:01:24;23:43:25;24,0;36,9;8,0;416;943
2021:01:24;23:43:43;24,0;36,6;8,0;416;967
2021:01:24;23:44:11;24,0;37,0;8,1;405;948
2021:01:24;23:44:30;24,0;36,7;8,0;402;949
2021:01:24;23:44:48;24,0;36,5;7,9;417;911
2021:01:24;23:45:07;24,0;36,6;8,0;402;904
2021:01:24;23:45:35;24,0;36,7;8,0;416;909
2021:01:24;23:45:54;24,0;36,7;8,0;420;909
2021:01:24;23:46:12;24,0;36,9;8,0;416;940
2021:01:24;23:46:31;24,0;37,0;8,1;406;912
2021:01:24;23:46:59;24,0;37,0;8,1;570;936
2021:01:24;23:47:17;24,0;36,9;8,0;400;917
2021:01:24;23:47:36;24,0;37,1;8,1;400;968
2021:01:24;23:47:54;24,0;37,2;8,1;400;942
2021:01:24;23:48:22;24,0;37,9;8,2;414;947
2021:01:24;23:48:41;24,0;37,7;8,2;411;949
2021:01:24;23:48:59;24,1;37,5;8,2;402;952
2021:01:24;23:49:18;24,1;37,8;8,3;407;954
2021:01:24;23:49:46;24,1;37,8;8,3;403;962
2021:01:24;23:50:04;24,2;37,9;8,3;400;963
2021:01:24;23:50:23;24,1;37,4;8,2;400;964
2021:01:24;23:50:41;24,1;37,6;8,2;403;971
2021:01:24;23:51:10;24,1;37,9;8,3;400;972
2021:01:24;23:51:28;24,1;37,7;8,3;400;996
2021:01:24;23:51:47;24,1;37,6;8,2;400;987
2021:01:24;23:52:05;24,1;37,7;8,3;405;981
2021:01:24;23:52:33;24,2;37,9;8,3;402;994
2021:01:24;23:52:52;24,1;37,8;8,3;402;954
2021:01:24;23:53:10;24,2;37,6;8,3;400;994
2021:01:24;23:53:29;24,2;37,9;8,3;406;992
2021:01:24;23:53:57;24,2;36,5;8,0;400;961
2021:01:24;23:54:15;24,2;37,6;8,3;408;992
2021:01:24;23:54:34;24,2;37,7;8,3;415;990
2021:01:24;23:54:52;24,2;37,5;8,3;402;958
2021:01:24;23:55:21;24,2;37,9;8,3;418;991
2021:01:24;23:55:39;24,2;37,6;8,3;411;997
2021:01:24;23:55:58;24,2;37,8;8,3;414;993
2021:01:24;23:56:16;24,1;37,8;8,3;409;992
2021:01:24;23:56:44;24,2;37,8;8,3;426;994
2021:01:24;23:57:03;24,2;37,6;8,3;410;992
2021:01:24;23:57:21;24,2;37,8;8,3;405;982
2021:01:24;23:57:40;24,2;37,8;8,3;400;992
2021:01:24;23:58:08;24,2;37,7;8,3;400;957
2021:01:24;23:58:26;24,2;37,6;8,3;400;993
2021:01:24;23:58:45;24,2;37,6;8,3;405;995
2021:01:24;23:59:03;24,2;37,8;8,3;400;1003
2021:01:24;23:59:32;24,2;37,6;8,3;400;966
2021:01:24;23:59:50;24,2;37,5;8,3;402;989
2021:01:25;00:00:09;24,2;37,6;8,3;400;998
2021:01:25;00:00:27;24,2;37,3;8,2;405;963
